Workbook

Sheet Base_Historica
A1: Apoyo_Filtro | B1: Cédula | C1: ID Petición | D1: Empleado | E1: Régimen Laboral | F1: Fecha Ingreso | G1: Tipo de Ausencia | H1: Desde | I1: Hasta | J1: Tiempo (Odoo) | K1: Días Consumidos (Calculado) | L1: Aprobado por
A2: =IF(D2=Ficha_Individual!$B$3, COUNTIF(D$2:D2, Ficha_Individual!$B$3), "") | B2: 0102030405 | C2: 6067 | D2: ANDRADE JUAN | E2: LOSEP | F2: 2022-01-01 | G2: Vacaciones | H2: 2024-03-11 08:00:00 | I2: 2024-03-15 16:30:00 | J2: 5 días | K2: 6.81 | L2: DIRECTOR TH
A3: =IF(D3=Ficha_Individual!$B$3, COUNTIF(D$2:D3, Ficha_Individual!$B$3), "") | B3: 0102030405 | C3: 9413 | D3: ANDRADE JUAN | E3: LOSEP | F3: 2022-01-01 | G3: Vacaciones | H3: 2024-06-20 08:00:00 | I3: 2024-06-21 16:30:00 | J3: 1 días | K3: 1.36 | L3: JEFE RRHH
A4: =IF(D4=Ficha_Individual!$B$3, COUNTIF(D$2:D4, Ficha_Individual!$B$3), "") | B4: 0102030405 | C4: 10221 | D4: ANDRADE JUAN | E4: LOSEP | F4: 2022-01-01 | G4: Vacaciones | H4: 2024-09-05 08:00:00 | I4: 2024-09-07 16:30:00 | J4: 2 días | K4: 2.72 | L4: DIRECTOR TH
A5: =IF(D5=Ficha_Individual!$B$3, COUNTIF(D$2:D5, Ficha_Individual!$B$3), "") | B5: 0102030405 | C5: 11540 | D5: ANDRADE JUAN | E5: LOSEP | F5: 2022-01-01 | G5: Vacaciones | H5: 2024-12-24 08:00:00 | I5: 2024-12-26 16:30:00 | J5: 2 días | K5: 2.72 | L5: JEFE RRHH
A6: =IF(D6=Ficha_Individual!$B$3, COUNTIF(D$2:D6, Ficha_Individual!$B$3), "") | B6: 0102030406 | C6: 8191 | D6: CASTRO DIANA | E6: LOSEP | F6: 2023-06-01 | G6: Vacaciones | H6: 2024-05-10 15:00:00 | I6: 2024-05-10 16:30:00 | J6: 1 horas 30 minutos | K6: 0.08 | L6: JEFE RRHH
A7: =IF(D7=Ficha_Individual!$B$3, COUNTIF(D$2:D7, Ficha_Individual!$B$3), "") | B7: 0102030406 | C7: 9850 | D7: CASTRO DIANA | E7: LOSEP | F7: 2023-06-01 | G7: Vacaciones | H7: 2024-07-02 08:00:00 | I7: 2024-07-05 16:30:00 | J7: 3 días | K7: 4.09 | L7: ANALISTA TH 1
A8: =IF(D8=Ficha_Individual!$B$3, COUNTIF(D$2:D8, Ficha_Individual!$B$3), "") | B8: 0102030406 | C8: 12110 | D8: CASTRO DIANA | E8: LOSEP | F8: 2023-06-01 | G8: Vacaciones | H8: 2024-10-15 08:00:00 | I8: 2024-10-17 16:30:00 | J8: 2 días | K8: 2.72 | L8: DIRECTOR TH
A9: =IF(D9=Ficha_Individual!$B$3, COUNTIF(D$2:D9, Ficha_Individual!$B$3), "") | B9: 0102030407 | C9: 8901 | D9: MENDIETA LUIS | E9: LOSEP | F9: 2024-01-15 | G9: Vacaciones | H9: 2024-04-12 08:00:00 | I9: 2024-04-13 16:30:00 | J9: 1 días | K9: 1.36 | L9: ANALISTA TH 2
A10: =IF(D10=Ficha_Individual!$B$3, COUNTIF(D$2:D10, Ficha_Individual!$B$3), "") | B10: 0102030407 | C10: 10560 | D10: MENDIETA LUIS | E10: LOSEP | F10: 2024-01-15 | G10: Vacaciones | H10: 2024-08-19 08:00:00 | I10: 2024-08-21 16:30:00 | J10: 2 días | K10: 2.72 | L10: JEFE RRHH
A11: =IF(D11=Ficha_Individual!$B$3, COUNTIF(D$2:D11, Ficha_Individual!$B$3), "") | B11: 0102030407 | C11: 13400 | D11: MENDIETA LUIS | E11: LOSEP | F11: 2024-01-15 | G11: Vacaciones | H11: 2024-11-03 08:00:00 | I11: 2024-11-05 16:30:00 | J11: 2 días | K11: 2.72 | L11: DIRECTOR TH
A12: =IF(D12=Ficha_Individual!$B$3, COUNTIF(D$2:D12, Ficha_Individual!$B$3), "") | B12: 0102030408 | C12: 8564 | D12: SALAZAR CARMEN | E12: CÓDIGO TRABAJO | F12: 2021-03-01 | G12: Vacaciones | H12: 2023-12-01 08:00:00 | I12: 2023-12-15 16:30:00 | J12: 15 días | K12: 15 | L12: DIRECTOR TH
A13: =IF(D13=Ficha_Individual!$B$3, COUNTIF(D$2:D13, Ficha_Individual!$B$3), "") | B13: 0102030408 | C13: 9210 | D13: SALAZAR CARMEN | E13: CÓDIGO TRABAJO | F13: 2021-03-01 | G13: Vacaciones | H13: 2024-02-10 08:00:00 | I13: 2024-02-12 16:30:00 | J13: 2 días | K13: 2 | L13: ANALISTA TH 1
... A20: =IF(D20=Ficha_Individual!$B$3, COUNTIF(D$2:D20, Ficha_Individual!$B$3), "") | B20: 0102030409 | C20: 18900 | D20: VELEZ PEDRO | E20: CÓDIGO TRABAJO | F20: 2023-10-01 | G20: Vacaciones | H20: 2024-11-20 08:00:00 | I20: 2024-11-21 16:30:00 | J20: 1 días | K20: 1 | L20: ANALISTA TH 2

Sheet Consolidado
A1: Empleado | B1: Cédula | C1: Régimen Laboral | D1: Antigüedad (Años) | E1: Días Generados | F1: Días Consumidos | G1: Saldo Disponible | H1: Estado
A2: ANDRADE JUAN | B2: 0102030405 | C2: LOSEP | D2: 4.5 | E2: 120 | F2: 13.61 | G2: 106.39 | H2: Activo
A3: CASTRO DIANA | B3: 0102030406 | C3: LOSEP | D3: 3.1 | E3: 85 | F3: 6.89 | G3: 78.11 | H3: Activo
A4: MENDIETA LUIS | B4: 0102030407 | C4: LOSEP | D4: 2.4 | E4: 65 | F4: 6.8 | G4: 58.2 | H4: Activo
A5: SALAZAR CARMEN | B5: 0102030408 | C5: CÓDIGO TRABAJO | D5: 5.3 | E5: 75 | F5: 23 | G5: 52 | H5: Activo
A6: VELEZ PEDRO | B6: 0102030409 | C6: CÓDIGO TRABAJO | D6: 2.7 | E6: 40 | F6: 8 | G6: 32 | H6: Activo

Sheet Ficha_Individual
A1: CONTROL DE VACACIONES - TALENTO HUMANO
A3: Escriba Nombre: | B3: ANDRADE JUAN
A4: Cédula Identidad: | B4: =VLOOKUP(B3, Consolidado!A:G, 2, FALSE)
A5: Régimen Laboral: | B5: =VLOOKUP(B3, Consolidado!A:G, 3, FALSE)
A6: Saldo Disponible: | B6: =VLOOKUP(B3, Consolidado!A:G, 6, FALSE)
A8: ID Petición | B8: Desde | C8: Hasta | D8: Tiempo Odoo | E8: Días Descontados | F8: Aprobador
A9: =IFERROR(VLOOKUP(ROW()-8, Base_Historica!A:L, 3, FALSE), "") | B9: =IFERROR(VLOOKUP(ROW()-8, Base_Historica!A:L, 8, FALSE), "") | C9: =IFERROR(VLOOKUP(ROW()-8, Base_Historica!A:L, 9, FALSE), "") | D9: =IFERROR(VLOOKUP(ROW()-8, Base_Historica!A:L, 10, FALSE), "") | E9: =IFERROR(VLOOKUP(ROW()-8, Base_Historica!A:L, 11, FALSE), "") | F9: =IFERROR(VLOOKUP(ROW()-8, Base_Historica!A:L, 12, FALSE), "")
A10: =IFERROR(VLOOKUP(ROW()-8, Base_Historica!A:L, 3, FALSE), "") | B10: =IFERROR(VLOOKUP(ROW()-8, Base_Historica!A:L, 8, FALSE), "") | C10: =IFERROR(VLOOKUP(ROW()-8, Base_Historica!A:L, 9, FALSE), "") | D10: =IFERROR(VLOOKUP(ROW()-8, Base_Historica!A:L, 10, FALSE), "") | E10: =IFERROR(VLOOKUP(ROW()-8, Base_Historica!A:L, 11, FALSE), "") | F10: =IFERROR(VLOOKUP(ROW()-8, Base_Historica!A:L, 12, FALSE), "")
A11: =IFERROR(VLOOKUP(ROW()-8, Base_Historica!A:L, 3, FALSE), "") | B11: =IFERROR(VLOOKUP(ROW()-8, Base_Historica!A:L, 8, FALSE), "") | C11: =IFERROR(VLOOKUP(ROW()-8, Base_Historica!A:L, 9, FALSE), "") | D11: =IFERROR(VLOOKUP(ROW()-8, Base_Historica!A:L, 10, FALSE), "") | E11: =IFERROR(VLOOKUP(ROW()-8, Base_Historica!A:L, 11, FALSE), "") | F11: =IFERROR(VLOOKUP(ROW()-8, Base_Historica!A:L, 12, FALSE), "")
A12: =IFERROR(VLOOKUP(ROW()-8, Base_Historica!A:L, 3, FALSE), "") | B12: =IFERROR(VLOOKUP(ROW()-8, Base_Historica!A:L, 8, FALSE), "") | C12: =IFERROR(VLOOKUP(ROW()-8, Base_Historica!A:L, 9, FALSE), "") | D12: =IFERROR(VLOOKUP(ROW()-8, Base_Historica!A:L, 10, FALSE), "") | E12: =IFERROR(VLOOKUP(ROW()-8, Base_Historica!A:L, 11, FALSE), "") | F12: =IFERROR(VLOOKUP(ROW()-8, Base_Historica!A:L, 12, FALSE), "")
A13: =IFERROR(VLOOKUP(ROW()-8, Base_Historica!A:L, 3, FALSE), "") | B13: =IFERROR(VLOOKUP(ROW()-8, Base_Historica!A:L, 8, FALSE), "") | C13: =IFERROR(VLOOKUP(ROW()-8, Base_Historica!A:L, 9, FALSE), "") | D13: =IFERROR(VLOOKUP(ROW()-8, Base_Historica!A:L, 10, FALSE), "") | E13: =IFERROR(VLOOKUP(ROW()-8, Base_Historica!A:L, 11, FALSE), "") | F13: =IFERROR(VLOOKUP(ROW()-8, Base_Historica!A:L, 12, FALSE), "")
A14: =IFERROR(VLOOKUP(ROW()-8, Base_Historica!A:L, 3, FALSE), "") | B14: =IFERROR(VLOOKUP(ROW()-8, Base_Historica!A:L, 8, FALSE), "") | C14: =IFERROR(VLOOKUP(ROW()-8, Base_Historica!A:L, 9, FALSE), "") | D14: =IFERROR(VLOOKUP(ROW()-8, Base_Historica!A:L, 10, FALSE), "") | E14: =IFERROR(VLOOKUP(ROW()-8, Base_Historica!A:L, 11, FALSE), "") | F14: =IFERROR(VLOOKUP(ROW()-8, Base_Historica!A:L, 12, FALSE), "")
A15: =IFERROR(VLOOKUP(ROW()-8, Base_Historica!A:L, 3, FALSE), "") | B15: =IFERROR(VLOOKUP(ROW()-8, Base_Historica!A:L, 8, FALSE), "") | C15: =IFERROR(VLOOKUP(ROW()-8, Base_Historica!A:L, 9, FALSE), "") | D15: =IFERROR(VLOOKUP(ROW()-8, Base_Historica!A:L, 10, FALSE), "") | E15: =IFERROR(VLOOKUP(ROW()-8, Base_Historica!A:L, 11, FALSE), "") | F15: =IFERROR(VLOOKUP(ROW()-8, Base_Historica!A:L, 12, FALSE), "")
A16: =IFERROR(VLOOKUP(ROW()-8, Base_Historica!A:L, 3, FALSE), "") | B16: =IFERROR(VLOOKUP(ROW()-8, Base_Historica!A:L, 8, FALSE), "") | C16: =IFERROR(VLOOKUP(ROW()-8, Base_Historica!A:L, 9, FALSE), "") | D16: =IFERROR(VLOOKUP(ROW()-8, Base_Historica!A:L, 10, FALSE), "") | E16: =IFERROR(VLOOKUP(ROW()-8, Base_Historica!A:L, 11, FALSE), "") | F16: =IFERROR(VLOOKUP(ROW()-8, Base_Historica!A:L, 12, FALSE), "")
A17: =IFERROR(VLOOKUP(ROW()-8, Base_Historica!A:L, 3, FALSE), "") | B17: =IFERROR(VLOOKUP(ROW()-8, Base_Historica!A:L, 8, FALSE), "") | C17: =IFERROR(VLOOKUP(ROW()-8, Base_Historica!A:L, 9, FALSE), "") | D17: =IFERROR(VLOOKUP(ROW()-8, Base_Historica!A:L, 10, FALSE), "") | E17: =IFERROR(VLOOKUP(ROW()-8, Base_Historica!A:L, 11, FALSE), "") | F17: =IFERROR(VLOOKUP(ROW()-8, Base_Historica!A:L, 12, FALSE), "")
A18: =IFERROR(VLOOKUP(ROW()-8, Base_Historica!A:L, 3, FALSE), "") | B18: =IFERROR(VLOOKUP(ROW()-8, Base_Historica!A:L, 8, FALSE), "") | C18: =IFERROR(VLOOKUP(ROW()-8, Base_Historica!A:L, 9, FALSE), "") | D18: =IFERROR(VLOOKUP(ROW()-8, Base_Historica!A:L, 10, FALSE), "") | E18: =IFERROR(VLOOKUP(ROW()-8, Base_Historica!A:L, 11, FALSE), "") | F18: =IFERROR(VLOOKUP(ROW()-8, Base_Historica!A:L, 12, FALSE), "")
A19: =IFERROR(VLOOKUP(ROW()-8, Base_Historica!A:L, 3, FALSE), "") | B19: =IFERROR(VLOOKUP(ROW()-8, Base_Historica!A:L, 8, FALSE), "") | C19: =IFERROR(VLOOKUP(ROW()-8, Base_Historica!A:L, 9, FALSE), "") | D19: =IFERROR(VLOOKUP(ROW()-8, Base_Historica!A:L, 10, FALSE), "") | E19: =IFERROR(VLOOKUP(ROW()-8, Base_Historica!A:L, 11, FALSE), "") | F19: =IFERROR(VLOOKUP(ROW()-8, Base_Historica!A:L, 12, FALSE), "")
A20: =IFERROR(VLOOKUP(ROW()-8, Base_Historica!A:L, 3, FALSE), "") | B20: =IFERROR(VLOOKUP(ROW()-8, Base_Historica!A:L, 8, FALSE), "") | C20: =IFERROR(VLOOKUP(ROW()-8, Base_Historica!A:L, 9, FALSE), "") | D20: =IFERROR(VLOOKUP(ROW()-8, Base_Historica!A:L, 10, FALSE), "") | E20: =IFERROR(VLOOKUP(ROW()-8, Base_Historica!A:L, 11, FALSE), "") | F20: =IFERROR(VLOOKUP(ROW()-8, Base_Historica!A:L, 12, FALSE), "")
... A29: =IFERROR(VLOOKUP(ROW()-8, Base_Historica!A:L, 3, FALSE), "") | B29: =IFERROR(VLOOKUP(ROW()-8, Base_Historica!A:L, 8, FALSE), "") | C29: =IFERROR(VLOOKUP(ROW()-8, Base_Historica!A:L, 9, FALSE), "") | D29: =IFERROR(VLOOKUP(ROW()-8, Base_Historica!A:L, 10, FALSE), "") | E29: =IFERROR(VLOOKUP(ROW()-8, Base_Historica!A:L, 11, FALSE), "") | F29: =IFERROR(VLOOKUP(ROW()-8, Base_Historica!A:L, 12, FALSE), "")
